SYMBOL,OPEN,HIGH,LOW,PREV. CLOSE,LTP,INDICATIVE CLOSE,CHANGE,% CHANGE,VOLUME (shares),VALUE (Crores),52W H,52W L,30 D %CHNG,365 D %CHNG
"NIFTY 500","23,244.30","23,332.50","23,219.45","23,336.30","23,294.95","-","-41.35","-0.18","1012148147","37,015.77","24,144.20","20,385.65","0.65","0.09"
"HDFCBANK","790.00","790.00","777.50","819.60","780.30","-","-39.3","-4.8","29710895","2,324.46","1,020.50","726.65","0.1","-20.25"
"AXISBANK","1,275.00","1,284.00","1,249.10","1,328.50","1,255.70","-","-72.8","-5.48","15983659","2,020.94","1,418.30","1,042.50","-7.55","14.2"
"ICICIBANK","1,444.50","1,480.00","1,439.50","1,444.30","1,452.70","-","8.4","0.58","13244928","1,929.77","1,500.00","1,187.60","7.92","1.92"
"HSCL","742.05","786.85","741.10","741.55","770.45","-","28.9","3.9","14636535","1,117.79","786.85","418.50","14.96","50.1"
"RELIANCE","1,317.20","1,345.90","1,314.90","1,327.20","1,332.20","-","5","0.38","8171095","1,088.90","1,611.80","1,253.20","1.78","-9.7"
"KALYANKJIL","573.90","576.70","563.10","574.40","567.10","-","-7.3","-1.27","14748086","841.51","617.70","327.05","47.91","-3.88"
"PNB","108.26","111.68","107.40","105.77","109.70","-","3.93","3.72","73231686","808.48","135.15","98.50","0.89","-3.18"
"SBIN","1,041.60","1,057.40","1,038.30","1,044.30","1,042.20","-","-2.1","-0.2","6115598","639.92","1,234.70","786.55","0.77","26.69"
"KOTAKBANK","382.00","383.00","376.10","389.95","381.10","-","-8.85","-2.27","14746839","559.88","453.20","345.50","-4.61","-11.04"
"BHARTIARTL","1,901.20","1,939.90","1,901.20","1,908.80","1,939.90","-","31.1","1.63","2578837","498.14","2,174.50","1,740.50","1.5","2.02"
"BAJFINANCE","1,057.00","1,057.30","1,039.00","1,056.30","1,044.00","-","-12.3","-1.16","4413999","461.87","1,102.50","787.90","8.59","10.87"
"BSE","3,575.00","3,640.80","3,550.00","3,581.80","3,616.90","-","35.1","0.98","1240962","446.69","4,446.80","2,021.50","-10.12","47.58"
"ATHERENERG","1,282.20","1,333.90","1,272.60","1,282.20","1,284.00","-","1.8","0.14","3153224","408.40","1,345.00","329.20","32.12","276.15"
"INFY","1,102.00","1,103.80","1,089.20","1,096.50","1,091.90","-","-4.6","-0.42","3266912","357.67","1,728.00","982.40","3.81","-31.18"
"AEGISLOG","1,344.00","1,434.50","1,339.40","1,349.10","1,417.00","-","67.9","5.03","2446107","345.54","1,434.50","576.10","40.48","91.03"
"ADANIPOWER","215.75","219.29","213.71","214.45","218.54","-","4.09","1.91","14556566","315.30","254.20","110.45","-5.7","83.76"
"GABRIEL","1,340.00","1,453.00","1,331.10","1,336.60","1,425.00","-","88.4","6.61","1979297","280.48","1,453.00","795.70","19.13","40.49"
"BHEL","422.40","427.25","415.00","422.00","416.40","-","-5.6","-1.33","6654026","279.51","446.50","205.12","0.52","66.27"
"GROWW","208.28","208.45","202.50","208.30","203.63","-","-4.67","-2.24","12893362","264.12","227.20","112.00","1.87","0"
"MARUTI","13,824.00","13,832.00","13,553.00","13,803.00","13,579.00","-","-224","-1.62","192359","262.34","17,370.00","12,201.00","1.37","9.34"
"MCX","2,749.00","2,825.20","2,739.30","2,747.50","2,813.00","-","65.5","2.38","905964","252.82","3,480.00","1,460.80","0.2","70.57"
"GMRAIRPORT","110.29","111.70","109.69","110.54","111.17","-","0.63","0.57","22509309","249.58","115.64","84.11","2.1","17.81"
"JIOFIN","243.00","243.11","238.81","242.98","239.48","-","-3.5","-1.44","10366759","249.10","338.60","223.30","-2.06","-24.44"
"DIXON","14,300.00","14,535.00","14,165.00","14,329.00","14,501.00","-","172","1.2","169807","244.39","18,471.00","9,600.00","15.87","-9.12"
"CANBK","125.15","129.14","125.06","125.01","127.75","-","2.74","2.19","18843641","240.75","162.89","103.55","-4.44","11.66"
"TRENT","2,840.00","2,935.00","2,837.00","2,842.40","2,925.40","-","83","2.92","792337","230.30","3,782.67","2,183.67","-8.77","-18.39"
"M&M","3,179.20","3,183.50","3,140.50","3,179.20","3,169.30","-","-9.9","-0.31","721234","228.39","3,839.90","2,896.00","3.07","-0.73"
"TCS","2,280.10","2,283.40","2,249.00","2,269.00","2,253.40","-","-15.6","-0.69","975480","220.67","3,350.00","1,976.80","6.02","-29.37"
"SOLARINDS","18,500.00","18,990.00","18,500.00","18,467.00","18,885.00","-","418","2.26","114905","216.23","18,990.00","11,646.00","4.67","26.76"
"JSWSTEEL","1,252.70","1,266.60","1,247.20","1,237.30","1,260.90","-","23.6","1.91","1715378","215.57","1,328.00","1,017.40","-2.05","21.94"
"TECHM","1,577.60","1,608.00","1,576.00","1,572.90","1,583.70","-","10.8","0.69","1343505","213.80","1,854.00","1,304.10","12.43","2.32"
"INDIGO","5,189.50","5,207.00","5,120.50","5,248.50","5,201.50","-","-47","-0.9","412275","213.27","6,232.50","3,895.20","3.57","-11.26"
"NTPC","343.00","349.30","341.10","341.85","346.70","-","4.85","1.42","6119132","212.18","414.40","315.55","-5.25","1.32"
"WAAREEENER","2,819.00","2,847.50","2,733.00","2,840.70","2,843.50","-","2.8","0.1","700527","195.57","3,865.00","2,403.00","-9.04","-8.94"
"YESBANK","23.65","23.65","22.71","23.61","23.13","-","-0.48","-2.03","84621095","194.80","25.78","17.20","-8.97","14.68"
"POONAWALLA","489.00","489.00","461.00","477.30","464.35","-","-12.95","-2.71","4096006","193.78","570.40","361.20","8.79","2.65"
"HINDALCO","944.35","957.75","944.15","944.15","953.05","-","8.9","0.94","2016893","191.76","1,176.00","657.50","-5.67","40.96"
"LT","3,815.00","3,832.70","3,810.50","3,814.50","3,816.80","-","2.3","0.06","500952","191.43","4,440.00","3,288.10","-9.33","10.15"
"INDIANB","832.40","852.90","830.55","832.40","849.20","-","16.8","2.02","2263094","191.39","1,000.90","606.00","-2.41","34.43"
"LENSKART","536.85","545.80","536.00","537.20","542.30","-","5.1","0.95","3486398","188.78","563.00","356.10","6.02","0"
"UNIONBANK","168.00","173.45","167.77","168.46","172.60","-","4.14","2.46","10920117","187.35","205.49","124.64","-1.81","17.83"
"PREMIERENE","1,063.00","1,096.20","1,020.50","1,086.20","1,091.20","-","5","0.46","1772310","187.28","1,134.00","660.00","1.07","3.1"
"ADANIGREEN","1,523.70","1,524.30","1,498.00","1,513.90","1,511.00","-","-2.9","-0.19","1237028","186.96","1,631.50","765.00","0.56","46.65"
"OFSS","11,800.00","11,979.00","11,600.00","11,771.00","11,630.00","-","-141","-1.2","155750","182.67","11,979.00","6,234.50","20.7","32.35"
"RBLBANK","360.55","371.55","358.60","368.10","366.50","-","-1.6","-0.43","4867121","178.06","382.35","243.25","-3.27","39.26"
"IDEA","13.71","13.78","13.57","13.74","13.68","-","-0.06","-0.44","129504608","176.77","15.34","6.12","-8.51","76.81"
"ETERNAL","284.65","289.45","284.40","286.60","287.75","-","1.15","0.4","6015910","172.60","368.45","212.60","8.85","11.86"
"HFCL","208.25","213.70","203.16","213.17","203.49","-","-9.68","-4.54","8234357","170.44","229.50","59.82","-2.93","149.47"
"FEDERALBNK","341.50","349.75","341.50","349.00","347.70","-","-1.3","-0.37","4881112","169.38","351.00","185.11","7.27","63.55"
"MRPL","172.00","176.72","170.70","174.49","171.14","-","-3.35","-1.92","9473307","164.67","212.31","120.40","10.97","14.67"
"ADANIENT","3,162.70","3,176.20","3,133.00","3,160.70","3,170.80","-","10.1","0.32","520572","164.43","3,245.00","1,753.00","4.31","25.75"
"VEDL","253.05","260.90","252.80","253.05","259.75","-","6.7","2.65","6329544","163.68","795.00","249.70","-13.6","-41.7"
"ECLERX","1,926.00","1,926.00","1,803.20","1,979.80","1,893.90","-","-85.9","-4.34","854881","159.02","2,497.50","1,320.00","33.57","2"
"SUZLON","52.07","53.29","51.61","51.99","52.77","-","0.78","1.5","29574075","155.74","67.14","38.19","-10.91","-18.94"
"JSWENERGY","540.55","568.00","539.30","541.20","567.50","-","26.3","4.86","2787693","155.57","617.35","427.75","-0.48","6.97"
"BANKBARODA","247.50","253.50","246.05","246.80","252.50","-","5.7","2.31","6027860","151.06","325.50","230.81","-10.1","3.24"
"ITC","280.70","283.70","279.50","280.70","282.95","-","2.25","0.8","5231117","147.30","427.00","275.00","-3.32","-33.1"
"POWERINDIA","32,190.00","32,630.00","31,745.00","32,075.00","32,325.00","-","250","0.78","44842","144.92","38,785.00","16,111.00","-12.39","69.38"
"HCLTECH","1,205.00","1,217.80","1,200.10","1,203.90","1,213.20","-","9.3","0.77","1162212","140.70","1,780.10","1,030.00","7.2","-21.67"
"NAUKRI","1,185.00","1,205.65","1,181.55","1,187.25","1,200.00","-","12.75","1.07","1160086","138.79","1,485.00","908.30","21.92","-12.08"
"TORNTPHARM","4,750.00","4,905.80","4,735.10","4,763.00","4,892.00","-","129","2.71","276025","134.52","5,085.80","3,466.00","10.44","38.93"
"SWIGGY","275.99","276.28","272.26","276.87","273.33","-","-3.54","-1.28","4892153","134.02","474.00","235.75","7.57","-29.71"
"ZEEL","107.00","109.60","106.05","107.40","107.05","-","-0.35","-0.33","12311313","132.88","145.75","68.00","-5.59","-24.41"
"OIL","438.25","450.60","437.15","435.35","450.30","-","14.95","3.43","2944909","131.66","531.00","384.60","7.75","0.59"
"EXIDEIND","435.00","443.25","433.70","435.20","438.50","-","3.3","0.76","2983757","131.10","443.25","287.00","15.21","14.22"
"POLYCAB","8,847.00","8,937.50","8,791.00","8,862.00","8,852.00","-","-10","-0.11","141312","125.47","10,126.00","6,620.00","-12.15","27.89"
"PATANJALI","339.90","342.60","335.05","337.70","338.50","-","0.8","0.24","3661059","124.25","653.93","328.20","-19.71","-47.68"
"NETWEB","4,211.00","4,220.00","4,129.30","4,244.30","4,189.60","-","-54.7","-1.29","289502","120.92","5,244.00","1,812.50","-17.42","116.4"
"ONGC","248.43","252.40","248.10","247.29","250.44","-","3.15","1.27","4794335","120.29","307.50","227.65","1.73","1.7"
"AUBANK","1,036.00","1,038.60","991.10","1,030.20","1,004.50","-","-25.7","-2.49","1180957","119.43","1,090.40","682.15","-2.82","26.29"
"POWERGRID","284.70","288.65","283.35","283.55","286.50","-","2.95","1.04","4127940","118.30","324.95","250.00","-1.9","-2.53"
"HINDPETRO","396.30","401.30","392.70","400.40","398.20","-","-2.2","-0.55","2799138","111.37","508.45","316.20","1.56","-7.52"
"HAVELLS","1,165.60","1,209.70","1,165.60","1,187.30","1,200.60","-","13.3","1.12","930607","111.23","1,621.10","1,123.60","2.04","-20.95"
"DATAPATTNS","4,072.00","4,127.90","4,031.00","4,085.80","4,054.00","-","-31.8","-0.78","272726","111.18","4,955.90","2,131.00","-15.96","46.96"
"GVT&D","4,390.00","4,506.80","4,352.10","4,387.40","4,453.20","-","65.8","1.5","248056","110.43","5,650.00","2,325.00","-19.54","88.79"
"NEWGEN","547.20","570.00","541.25","547.55","558.60","-","11.05","2.02","1912602","107.08","1,103.50","401.05","15.89","-41.97"
"SHRIRAMFIN","1,040.00","1,040.00","1,018.00","1,034.90","1,025.30","-","-9.6","-0.93","1036044","106.36","1,108.00","566.50","2.41","58.95"
"ADANIENSOL","1,725.00","1,739.40","1,704.50","1,722.60","1,718.60","-","-4","-0.23","615351","106.20","1,757.70","744.90","14.01","97.69"
"BEL","408.55","409.50","406.10","409.45","407.90","-","-1.55","-0.38","2598047","105.88","473.45","361.20","-4.45","3.33"
"BAJAJ-AUTO","10,443.00","10,535.00","10,401.50","10,443.00","10,470.50","-","27.5","0.26","100205","104.97","10,834.00","7,858.50","4.01","25.43"
"PAYTM","1,350.00","1,357.40","1,335.50","1,348.00","1,342.50","-","-5.5","-0.41","775908","104.37","1,407.00","930.60","23.04","33.92"
"DRREDDY","1,213.30","1,222.40","1,209.60","1,211.20","1,214.10","-","2.9","0.24","853757","103.74","1,414.90","1,148.40","-4.54","-3.44"
"TMCV","413.00","414.65","406.25","414.65","410.35","-","-4.3","-1.04","2456558","100.86","509.00","306.30","2.05","0"
"SONACOMS","705.00","715.75","703.70","704.85","709.10","-","4.25","0.6","1390514","98.81","715.75","402.30","15.47","47.73"
"CHENNPETRO","1,209.60","1,226.00","1,195.00","1,200.60","1,218.00","-","17.4","1.45","808411","97.99","1,279.70","620.85","10.94","56.26"
"ZENSARTECH","520.70","533.45","516.10","518.15","527.50","-","9.35","1.8","1798036","94.78","868.95","423.00","17.76","-36.17"
"MPHASIS","2,402.10","2,458.60","2,398.00","2,394.20","2,429.30","-","35.1","1.47","388169","94.57","3,037.20","2,013.00","7.13","-14.24"
"ABB","7,495.50","7,574.00","7,416.50","7,506.00","7,440.00","-","-66","-0.88","123381","92.40","7,924.50","4,637.50","2.7","31.83"
"MEESHO","187.87","193.20","187.71","187.87","189.93","-","2.06","1.1","4827093","91.90","254.40","125.56","9.47","0"
"GESHIP","1,344.00","1,414.90","1,340.00","1,345.40","1,383.50","-","38.1","2.83","656668","91.82","1,798.00","913.10","-3.74","39.56"
"CGPOWER","904.00","914.50","895.05","905.00","910.80","-","5.8","0.64","987316","89.70","980.90","525.50","-5.47","36.45"
"APOLLOHOSP","8,825.00","8,899.00","8,771.50","8,826.00","8,897.00","-","71","0.8","99545","88.28","9,009.00","6,696.50","4.8","21.82"
"COFORGE","1,504.80","1,530.00","1,495.00","1,508.40","1,499.90","-","-8.5","-0.56","583412","87.95","1,989.70","1,008.10","2.47","-19.35"
"DELHIVERY","487.00","493.35","482.35","492.15","486.45","-","-5.7","-1.16","1776103","86.46","524.00","374.45","5.45","14.29"
"NAVINFLUOR","7,509.00","7,870.00","7,475.00","7,579.00","7,809.00","-","230","3.03","111640","86.25","7,870.00","4,498.50","4.28","60.49"
"COLPAL","2,040.00","2,124.00","2,024.50","2,042.40","2,107.30","-","64.9","3.18","406857","85.22","2,504.00","1,782.00","5.51","-11.96"
"TMPV","335.50","336.75","333.30","335.60","334.00","-","-1.6","-0.48","2540040","85.13","739.70","294.30","-7.01","-50.86"
"ULTRACEMCO","11,768.00","11,834.00","11,652.00","11,727.00","11,816.00","-","89","0.76","70585","83.11","13,110.00","10,325.00","3.95","-5.46"
"TATASTEEL","186.68","187.19","185.76","185.89","186.49","-","0.6","0.32","4443556","82.89","224.40","152.51","-6.21","14.92"
"BANDHANBNK","213.60","213.88","209.57","213.25","210.61","-","-2.64","-1.24","3902587","82.58","220.76","134.25","1.23","12.64"
"ANANTRAJ","595.00","598.40","584.05","592.10","586.90","-","-5.2","-0.88","1366484","80.71","743.65","403.00","12.92","-0.31"
"BPCL","311.00","314.10","309.00","315.55","311.25","-","-4.3","-1.36","2586636","80.56","391.65","266.60","1.52","-9.39"
"RECLTD","353.00","362.50","352.00","355.10","359.40","-","4.3","1.21","2235688","80.19","408.25","304.05","1.11","-10.38"
"NATIONALUM","340.60","349.60","340.55","339.90","347.00","-","7.1","2.09","2277103","78.86","445.15","179.93","-7.74","84.5"
"CDSL","1,415.00","1,415.00","1,389.00","1,418.20","1,400.50","-","-17.7","-1.25","559415","78.35","1,753.90","1,116.30","2.15","-17.59"
"FLUOROCHEM","4,160.00","4,295.00","4,120.40","4,144.90","4,282.40","-","137.5","3.32","183725","77.91","4,295.00","2,916.60","11.49","22.34"
"IOC","140.19","142.39","139.77","141.69","141.59","-","-0.1","-0.07","5442797","77.02","188.96","130.22","-1.25","-5.62"
"SAREGAMA","493.00","518.55","491.35","494.85","512.45","-","17.6","3.56","1488553","75.88","520.00","307.05","9.88","0.48"
"ANGELONE","328.05","329.80","324.45","328.95","328.10","-","-0.85","-0.26","2296170","75.10","360.45","208.63","-7.24","22.52"
"LTF","307.05","308.45","303.80","310.05","304.75","-","-5.3","-1.71","2448363","74.86","338.60","194.40","6.37","50.01"
"ARE&M","908.00","929.80","903.85","907.40","923.40","-","16","1.76","808750","74.46","1,057.85","670.00","9.18","-5.56"
"BAJAJFINSV","1,852.10","1,865.40","1,838.80","1,854.00","1,858.20","-","4.2","0.23","395490","73.50","2,195.00","1,597.00","5.1","-8.38"
"KAYNES","3,369.50","3,384.00","3,335.00","3,385.80","3,370.70","-","-15.1","-0.45","218110","73.30","7,705.00","2,995.00","3.64","-42.4"
"ENRIN","3,379.00","3,424.70","3,286.80","3,385.50","3,384.00","-","-1.5","-0.04","216566","72.94","3,968.00","2,115.00","-11.78","11.34"
"SHYAMMETL","1,030.00","1,074.70","1,020.50","1,022.50","1,060.40","-","37.9","3.71","683142","72.53","1,074.70","746.00","9.32","16.45"
"NMDC","83.75","84.90","83.27","83.22","84.31","-","1.09","1.31","8603450","72.53","97.49","68.19","-4.65","18.02"
"TATAPOWER","377.00","383.95","375.55","377.25","382.00","-","4.75","1.26","1902706","72.50","464.90","342.50","-5.02","-6.31"
"IDFCFIRSTB","79.99","80.64","79.70","80.35","80.23","-","-0.12","-0.15","8901274","71.39","87.00","58.08","1.94","9.74"
"PERSISTENT","5,183.90","5,238.00","5,166.00","5,183.90","5,219.90","-","36","0.69","137042","71.37","6,599.00","4,244.50","8.09","-5.91"
"BHARATFORG","2,194.70","2,200.00","2,169.10","2,190.50","2,182.00","-","-8.5","-0.39","321278","70.11","2,238.00","1,100.50","6.94","79.43"
"WELCORP","1,585.00","1,643.60","1,582.70","1,581.50","1,635.20","-","53.7","3.4","429674","69.77","1,698.80","710.00","14.91","77.12"
"PCBL","318.60","334.25","318.60","320.80","328.35","-","7.55","2.35","2110717","69.75","430.00","226.50","6.09","-21.91"
"AMBER","7,765.50","7,879.50","7,670.00","7,804.50","7,841.00","-","36.5","0.47","88614","68.98","8,974.00","5,400.50","-0.57","3.16"
"GLENMARK","2,235.00","2,270.00","2,225.30","2,235.50","2,229.00","-","-6.5","-0.29","305768","68.50","2,474.00","1,792.60","0.7","0.16"
"NYKAA","322.40","329.60","322.40","323.05","325.65","-","2.6","0.8","2070587","67.65","332.15","200.14","7.74","53.01"
"HAL","4,500.00","4,515.00","4,470.50","4,500.70","4,486.20","-","-14.5","-0.32","149573","67.20","4,978.00","3,479.10","1.56","-3.76"
"PFC","403.25","411.90","401.45","404.85","409.05","-","4.2","1.04","1643728","67.11","486.50","329.90","-5.09","-2.71"
"VBL","462.90","465.95","460.00","463.35","461.70","-","-1.65","-0.36","1448792","67.08","555.80","381.00","-12.83","-4.81"
"SAMMAANCAP","163.00","164.85","163.00","163.62","163.86","-","0.24","0.15","4059775","66.61","192.95","114.10","-6.27","20.23"
"EICHERMOT","7,569.00","7,581.00","7,491.00","7,563.50","7,535.50","-","-28","-0.37","88041","66.32","8,230.00","5,353.00","-0.99","33.9"
"RADICO","4,107.50","4,165.00","4,088.00","4,097.90","4,134.00","-","36.1","0.88","159282","65.81","4,165.00","2,500.00","9.68","52.08"
"HDFCAMC","2,655.40","2,659.00","2,603.00","2,651.20","2,620.20","-","-31","-1.17","251127","65.80","2,967.25","2,205.60","-3.63","-6.25"
"SUNPHARMA","1,942.00","1,954.20","1,935.00","1,932.60","1,944.80","-","12.2","0.63","337198","65.55","1,962.70","1,548.00","5.8","14.84"
"COALINDIA","428.15","433.50","428.15","427.65","431.45","-","3.8","0.89","1515643","65.45","491.25","368.65","-4.39","11.07"
"WIPRO","177.00","177.80","175.85","176.00","176.62","-","0.62","0.35","3690487","65.11","273.10","169.00","-2.32","-33.85"
"SPLPETRO","693.90","744.00","685.00","693.90","718.50","-","24.6","3.55","898427","65.08","979.00","462.30","-4.11","-12.03"
"DLF","665.00","666.00","654.15","667.80","657.00","-","-10.8","-1.62","986721","64.95","856.45","489.40","5.16","-22.3"
"DIVISLAB","7,260.00","7,358.00","7,237.50","7,247.50","7,351.00","-","103.5","1.43","87512","64.08","7,390.00","5,636.50","9.02","9.2"
"LAURUSLABS","1,534.90","1,552.30","1,527.20","1,529.80","1,549.20","-","19.4","1.27","415586","63.93","1,579.10","810.05","9.48","87.04"
"TATATECH","764.70","775.00","736.50","758.05","740.95","-","-17.1","-2.26","836186","62.78","784.00","507.40","-0.22","3.95"
"IFCI","72.00","73.60","71.70","72.17","72.30","-","0.13","0.18","8400398","61.15","95.80","46.23","-15.72","18.09"
"CUMMINSIND","5,438.00","5,531.50","5,397.00","5,448.00","5,506.50","-","58.5","1.07","111318","61.09","6,100.00","3,481.50","-6.12","55.71"
"JYOTICNC","775.00","814.00","770.65","781.50","805.50","-","24","3.07","759731","61.07","1,084.00","580.10","9.07","-21.14"
"ASHOKLEY","154.46","154.50","152.83","155.23","154.14","-","-1.09","-0.7","3971373","61.01","215.42","114.96","-1.63","26.05"
"OLAELEC","39.97","40.19","39.37","40.17","39.62","-","-0.55","-1.37","15262728","60.73","71.25","22.25","-6.25","-4.12"
"IDBI","87.02","87.61","85.50","87.02","85.82","-","-1.2","-1.38","6988930","60.27","118.38","61.01","3.48","-12.88"
"WOCKPHARMA","1,902.90","1,928.50","1,882.00","1,900.70","1,896.00","-","-4.7","-0.25","304526","58.10","2,422.30","1,086.70","-5.77","6.83"
"MUTHOOTFIN","2,995.00","3,019.90","2,973.30","2,989.50","2,982.80","-","-6.7","-0.22","192990","57.86","4,149.50","2,476.60","-4.57","12.15"
"TVSMOTOR","3,619.80","3,619.80","3,560.70","3,618.20","3,583.80","-","-34.4","-0.95","158402","56.76","3,970.00","2,728.70","4.11","25.8"
"CIPLA","1,425.70","1,445.00","1,419.50","1,418.70","1,441.40","-","22.7","1.6","394339","56.75","1,673.00","1,165.70","6.64","-2.75"
"BANKINDIA","143.00","146.25","142.66","143.17","144.80","-","1.63","1.14","3920397","56.74","178.36","108.81","-1.19","25.92"
"ANTHEM","777.00","807.25","777.00","777.00","799.85","-","22.85","2.94","709352","56.48","873.50","579.15","1.12","0"
"BIOCON","440.40","442.60","435.65","437.20","437.65","-","0.45","0.1","1258902","55.09","447.15","331.00","5.29","9.72"
"MANKIND","2,489.50","2,525.00","2,481.50","2,484.20","2,523.50","-","39.3","1.58","219377","54.96","2,694.90","1,909.70","4.53","-4.86"
"ADANIPORTS","1,836.10","1,846.80","1,828.00","1,837.40","1,840.20","-","2.8","0.15","293439","53.98","1,891.10","1,290.50","0.28","27.54"
"CEATLTD","3,576.50","3,585.00","3,470.40","3,549.90","3,480.00","-","-69.9","-1.97","151870","53.31","4,438.00","3,000.50","0.84","-9.1"
"ESCORTS","2,916.00","3,037.00","2,916.00","2,937.00","3,005.70","-","68.7","2.34","176358","53.14","4,180.00","2,700.00","6.62","-11.92"
"AUROPHARMA","1,533.40","1,561.50","1,533.40","1,533.40","1,540.90","-","7.5","0.49","341897","52.82","1,636.80","1,016.10","2.93","35.3"
"ITCHOTELS","171.90","171.90","165.70","172.41","165.72","-","-6.69","-3.88","3107036","52.04","261.62","137.30","-3.05","-34.96"
"INDUSINDBK","1,029.00","1,032.80","1,017.50","1,027.20","1,023.50","-","-3.7","-0.36","505659","51.80","1,038.00","710.60","8","17.61"
"LODHA","1,188.60","1,195.00","1,180.00","1,188.75","1,189.30","-","0.55","0.05","432628","51.41","1,461.50","650.80","29.55","-17.68"
"NATCOPHARM","952.05","987.55","950.05","945.00","957.70","-","12.7","1.34","522953","50.55","1,226.80","789.00","7.67","-7.53"
"HINDUNILVR","2,153.80","2,153.80","2,128.40","2,143.80","2,138.20","-","-5.6","-0.26","235542","50.32","2,750.00","2,022.50","-2.54","-14.09"
"TITAN","4,638.10","4,660.00","4,625.30","4,638.10","4,645.80","-","7.7","0.17","107142","49.77","4,679.80","3,303.10","5.13","36.55"
"EMMVEE","341.55","344.70","334.05","345.05","336.75","-","-8.3","-2.41","1460108","49.47","371.55","171.51","1.39","0"
"CHOLAFIN","1,789.90","1,789.90","1,770.10","1,804.90","1,773.80","-","-31.1","-1.72","277253","49.30","1,875.00","1,299.40","4.76","14.11"
"CROMPTON","256.70","266.95","254.80","256.50","262.20","-","5.7","2.22","1827895","48.08","352.40","217.40","-4.81","-23.8"
"LLOYDSME","1,864.00","1,892.00","1,855.80","1,865.40","1,876.70","-","11.3","0.61","255578","48.07","1,892.00","1,042.90","6.25","27.43"
"CARTRADE","2,705.90","2,798.00","2,697.10","2,699.40","2,792.00","-","92.6","3.43","172445","47.64","3,290.50","1,600.00","9.2","47.22"
"NESTLEIND","1,436.00","1,449.90","1,420.60","1,427.20","1,441.30","-","14.1","0.99","328766","47.34","1,498.10","1,084.70","1.9","16.63"
"JPPOWER","16.86","17.27","16.68","16.87","16.90","-","0.03","0.18","27725327","47.11","24.50","13.15","-6.48","-26.12"
"ZYDUSWELL","595.00","611.85","592.30","586.45","598.55","-","12.1","2.06","772241","46.53","611.85","367.55","16.76","42.84"
"INDIACEM","398.00","399.95","383.15","410.30","393.65","-","-16.65","-4.06","1176827","46.26","485.80","329.75","5.06","13.45"
"MAXHEALTH","1,090.60","1,097.70","1,088.60","1,089.90","1,095.10","-","5.2","0.48","421556","46.09","1,301.70","903.00","0.11","-9.85"
"IIFL","554.00","563.90","552.30","555.20","555.95","-","0.75","0.14","813236","45.47","675.00","409.10","4.35","4.28"
"HINDZINC","519.00","529.90","518.35","518.35","528.60","-","10.25","1.98","862745","45.25","733.00","413.50","-6.19","21.39"
"LICHSGFIN","548.00","552.00","546.55","549.90","550.85","-","0.95","0.17","818528","45.01","646.50","458.90","0.25","-12.25"
"ASIANPAINT","2,689.00","2,708.50","2,680.00","2,689.00","2,696.10","-","7.1","0.26","164660","44.35","2,985.70","2,115.00","-1.35","13.17"
"HBLENGINE","737.00","744.55","722.75","741.90","731.50","-","-10.4","-1.4","604445","44.33","1,122.00","551.60","-10.34","21.39"
"PINELABS","153.49","153.64","149.85","153.17","150.12","-","-3.05","-1.99","2920880","44.18","284.00","134.73","-1.48","0"
"APARINDS","13,680.00","14,062.00","13,572.00","13,836.00","13,772.00","-","-64","-0.46","31325","43.30","17,157.00","6,801.00","-15.36","54.79"
"PPLPHARMA","180.00","182.00","175.10","179.42","177.49","-","-1.93","-1.08","2433925","43.28","220.85","132.30","11.71","-15.95"
"TATAELXSI","3,505.00","3,548.90","3,486.00","3,503.20","3,506.80","-","3.6","0.1","121927","42.75","6,321.50","3,469.70","-13.75","-43.13"
"DMART","3,950.00","3,997.80","3,930.40","3,951.90","3,984.40","-","32.5","0.82","106301","42.18","4,949.50","3,529.00","-7.06","-1.59"
"GRSE","2,570.00","2,606.00","2,553.00","2,581.20","2,566.50","-","-14.7","-0.57","163228","42.10","3,339.00","1,963.70","-8.28","-1.97"
"SAIL","162.90","165.33","162.26","163.04","164.38","-","1.34","0.82","2538441","41.75","209.70","118.10","-8.71","20.46"
"MARICO","839.50","854.00","837.20","844.00","852.80","-","8.8","1.04","488721","41.43","873.00","690.20","4.38","18.42"
"J&KBANK","183.00","186.84","181.80","182.69","184.60","-","1.91","1.05","2201004","40.73","201.75","97.35","12.88","62.14"
"MAHABANK","79.89","80.65","79.55","79.90","79.94","-","0.04","0.05","5075675","40.69","94.50","51.71","-11.42","41.1"
"RVNL","225.44","226.75","223.50","225.44","225.74","-","0.3","0.13","1802348","40.57","400.70","221.55","-7.56","-40.01"
"HINDCOPPER","484.95","491.25","483.10","486.15","489.50","-","3.35","0.69","829091","40.38","760.05","226.70","-4.24","81.46"
"NHPC","79.00","80.84","78.63","79.20","80.38","-","1.18","1.49","4999619","40.07","89.22","71.62","6.05","-7.61"
"INOXWIND","78.00","79.94","77.40","78.12","78.85","-","0.73","0.93","5066417","39.99","167.62","75.05","-13.1","-51.62"
"KIRLOSENG","2,255.70","2,314.80","2,224.90","2,255.70","2,233.20","-","-22.5","-1","171228","38.62","2,720.00","855.80","12.1","143.23"
"HEROMOTOCO","4,908.00","4,949.00","4,900.00","4,909.90","4,934.90","-","25","0.51","77747","38.31","6,388.50","4,195.00","-0.78","12.26"
"KPITTECH","555.00","560.80","552.45","554.05","558.75","-","4.7","0.85","682412","38.04","1,328.00","543.00","-26.47","-56.13"
"MOTHERSON","144.00","144.04","142.13","144.17","142.19","-","-1.98","-1.37","2657018","37.94","155.25","89.70","-2.1","41.12"
"GAIL","171.19","173.00","169.70","171.20","172.80","-","1.6","0.93","2193396","37.68","188.89","134.36","-0.48","-6.57"
"BOSCHLTD","40,800.00","40,800.00","40,400.00","40,855.00","40,500.00","-","-355","-0.87","9282","37.65","42,565.00","28,610.00","0.78","5.91"
"AEGISVOPAK","272.80","282.00","270.52","271.24","277.32","-","6.08","2.24","1349701","37.50","311.49","158.00","16.45","-4.63"
"ICICIGI","1,618.00","1,626.90","1,604.10","1,612.20","1,620.90","-","8.7","0.54","229198","37.02","2,064.90","1,544.60","-13.33","-15.26"
"POLICYBZR","1,576.00","1,580.90","1,566.60","1,574.00","1,576.10","-","2.1","0.13","232639","36.60","1,974.00","1,364.00","-3.68","-10.55"
"VMM","110.25","112.50","109.80","110.33","111.77","-","1.44","1.31","3188171","35.56","157.60","98.77","-5.78","-19.03"
"UPL","613.50","613.85","607.65","616.60","609.00","-","-7.6","-1.23","575160","35.09","812.20","563.15","0.04","-11.35"
"360ONE","1,105.00","1,127.00","1,102.20","1,113.70","1,119.00","-","5.3","0.48","311809","34.81","1,236.20","906.05","-2.35","-6.99"
"JINDALSTEL","1,025.00","1,044.00","1,020.00","1,025.00","1,039.30","-","14.3","1.4","332461","34.42","1,306.20","929.85","-8.64","8.59"
"INDHOTEL","726.00","727.15","718.00","727.90","723.60","-","-4.3","-0.59","473342","34.22","811.95","565.00","-0.18","-5.58"
"PETRONET","273.00","277.00","271.00","273.80","275.75","-","1.95","0.71","1244264","34.12","326.40","235.35","-4.54","-9.33"
"KARURVYSYA","311.30","312.50","307.90","309.80","308.85","-","-0.95","-0.31","1100391","34.12","343.45","201.82","5.83","38.14"
"MANAPPURAM","326.70","332.80","324.15","325.45","330.00","-","4.55","1.4","1036075","34.09","347.90","245.15","3.56","21.64"
"CRAFTSMAN","9,201.00","9,369.50","9,140.00","9,105.00","9,272.50","-","167.5","1.84","36719","34.03","9,938.00","5,954.00","-5.47","44.79"
"MAZDOCK","2,335.00","2,355.00","2,323.00","2,342.80","2,337.00","-","-5.8","-0.25","145233","33.96","3,136.50","2,057.40","-7.21","-21.63"
"INDUSTOWER","401.55","407.75","401.55","403.50","407.10","-","3.6","0.89","821942","33.38","481.50","312.55","-1.02","0.89"
"IEX","122.00","123.60","120.91","122.80","123.51","-","0.71","0.58","2705224","33.06","208.99","114.60","0.6","-39.19"
"BELRISE","226.91","233.58","226.62","226.91","232.25","-","5.34","2.35","1427249","32.91","252.00","120.00","-3.68","86.85"
"TEJASNET","538.00","549.50","532.00","538.90","540.25","-","1.35","0.25","605756","32.71","659.80","294.00","-14.53","-15.37"
"CAMS","750.00","768.30","742.00","751.10","762.00","-","10.9","1.45","425468","32.30","855.20","611.40","-7.43","-9.53"
"OBEROIRLTY","1,865.00","1,879.90","1,841.00","1,894.80","1,871.50","-","-23.3","-1.23","173548","32.28","1,986.10","1,391.20","11.14","1.96"
"JKCEMENT","5,261.50","5,544.00","5,249.00","5,391.00","5,530.00","-","139","2.58","59228","32.24","7,565.50","4,671.50","0.55","-14.84"
"PIDILITIND","1,560.00","1,576.90","1,555.10","1,566.10","1,566.10","-","0","0","204630","32.11","1,626.70","1,259.00","-0.87","5.89"
"THERMAX","4,632.00","4,729.00","4,611.00","4,662.00","4,711.00","-","49","1.05","67045","31.47","5,277.80","2,742.70","0.17","21.14"
"GODREJPROP","2,090.00","2,097.90","2,065.50","2,102.10","2,091.00","-","-11.1","-0.53","150694","31.37","2,407.90","1,434.00","16.5","-11.55"
"TIINDIA","2,892.00","2,892.00","2,842.20","2,888.60","2,888.00","-","-0.6","-0.02","109510","31.33","3,419.90","2,164.90","-12.1","-1.06"
"ASTRAL","1,368.00","1,403.80","1,367.80","1,377.80","1,396.00","-","18.2","1.32","224350","31.23","1,768.70","1,263.70","-9.51","-7.4"
"BRITANNIA","5,412.50","5,483.00","5,391.50","5,412.50","5,451.00","-","38.5","0.71","57349","31.21","6,336.00","5,035.00","4.91","-4.98"
"COCHINSHIP","1,401.00","1,405.10","1,392.90","1,402.20","1,398.00","-","-4.2","-0.3","222802","31.17","1,979.90","1,187.00","-4.07","-25.1"
"CONCOR","490.00","495.70","485.05","486.90","494.10","-","7.2","1.48","632766","31.13","625.00","421.45","4.8","-19.38"
"LTM","4,075.60","4,148.00","4,066.00","4,075.60","4,100.10","-","24.5","0.6","75830","31.04","6,429.50","3,528.00","7.01","-19.96"
"RKFORGE","566.90","568.60","553.25","568.25","557.15","-","-11.1","-1.95","552933","30.92","657.25","460.15","-5.38","-13.5"
"ICICIPRULI","497.15","502.35","494.35","497.15","501.20","-","4.05","0.81","614799","30.65","706.80","459.50","0.2","-20.91"
"TARIL","332.00","332.00","320.85","332.50","327.75","-","-4.75","-1.43","935749","30.56","578.50","224.05","-8.35","-36.05"
"JSL","733.90","740.75","727.45","737.50","737.05","-","-0.45","-0.06","412727","30.50","884.00","652.25","5.81","8.96"
"MRF","1,30,550.00","1,32,455.00","1,30,500.00","1,30,695.00","1,31,990.00","-","1295","0.99","2292","30.20","1,63,600.00","1,22,000.00","2.64","-10.82"
"CANFINHOME","895.00","902.25","850.00","889.45","870.65","-","-18.8","-2.11","342819","29.92","971.50","708.60","-1.58","6.66"
"PWL","136.05","137.30","133.61","136.05","134.55","-","-1.5","-1.1","2195239","29.76","161.99","77.72","9.78","0"
"PGEL","611.70","616.25","606.25","617.65","610.70","-","-6.95","-1.13","482799","29.51","836.45","436.55","9.01","-24.48"
"SBICARD","658.00","658.00","648.00","654.70","650.55","-","-4.15","-0.63","452121","29.47","965.00","565.45","5.45","-27.28"
"CPPLUS","3,556.10","3,661.00","3,535.00","3,614.40","3,576.60","-","-36.2","-1","80644","29.05","3,866.00","1,015.00","-1.67","0"
"ATGL","711.00","717.60","707.55","706.60","711.35","-","4.75","0.67","404560","28.80","859.85","462.80","-2.22","8.83"
"IRFC","88.38","89.15","87.64","88.41","88.50","-","0.09","0.1","3251126","28.74","138.00","86.93","-11.08","-33.89"
"SRF","2,869.90","2,894.60","2,845.90","2,874.70","2,879.50","-","4.8","0.17","97273","27.94","3,260.40","2,355.00","6.27","-9.65"
"MFSL","1,538.00","1,560.80","1,536.10","1,538.00","1,545.80","-","7.8","0.51","179492","27.77","1,892.50","1,433.60","-7.4","0.43"
"GRANULES","880.80","901.00","878.00","880.80","885.40","-","4.6","0.52","309758","27.57","910.00","432.60","12.45","78.34"
"BAJAJHLDNG","10,369.00","10,446.00","10,308.00","10,398.00","10,324.00","-","-74","-0.71","26581","27.49","14,763.00","8,588.00","-3.26","-25.41"
"LUPIN","2,431.20","2,480.20","2,424.00","2,443.20","2,466.90","-","23.7","0.97","111050","27.38","2,529.50","1,836.80","4.92","27.69"
"BATAINDIA","698.00","715.00","692.70","693.40","711.00","-","17.6","2.54","387196","27.21","1,282.50","605.00","-5.02","-41.76"
"ACUTAAS","3,619.40","3,663.00","3,601.70","3,619.40","3,655.60","-","36.2","1","74234","27.02","3,740.00","1,125.00","12.55","203.67"
"KEI","4,870.00","4,949.00","4,861.50","4,906.50","4,901.50","-","-5","-0.1","54877","27.00","5,708.00","3,712.20","-12.96","24.76"
"PHOENIXLTD","2,080.00","2,092.80","2,052.10","2,075.80","2,075.50","-","-0.3","-0.01","129237","26.80","2,169.80","1,402.50","10.3","39.59"
"PIRAMALFIN","2,144.50","2,174.30","2,112.80","2,144.30","2,133.00","-","-11.3","-0.53","123695","26.49","2,220.00","1,260.00","-0.94","0"
"HYUNDAI","1,990.00","2,004.90","1,980.20","1,993.30","1,984.50","-","-8.8","-0.44","132947","26.47","2,890.00","1,658.00","0.58","-6.4"
"FORCEMOT","18,280.00","18,334.00","18,118.00","18,244.00","18,201.00","-","-43","-0.24","14499","26.43","26,450.00","14,911.00","-2.33","9.54"
"NUVOCO","349.00","359.10","345.60","348.75","354.85","-","6.1","1.75","743860","26.40","477.50","276.25","13.46","-8.47"
"BDL","1,254.30","1,264.40","1,247.40","1,254.80","1,255.40","-","0.6","0.05","209667","26.33","1,814.90","1,086.00","-8.53","-24.84"
"UNITDSPR","1,367.00","1,387.40","1,363.50","1,375.80","1,383.20","-","7.4","0.54","190021","26.19","1,488.00","1,210.80","4.8","1.59"
"ABSLAMC","1,145.00","1,167.30","1,130.60","1,150.60","1,131.40","-","-19.2","-1.67","224880","25.77","1,224.90","708.00","-4.15","30.92"
"HDFCLIFE","567.30","567.30","561.45","563.65","564.05","-","0.4","0.07","455141","25.64","815.00","543.00","-4.64","-23.68"
"JSWINFRA","342.15","344.00","339.15","342.15","342.50","-","0.35","0.1","738311","25.24","355.80","233.42","11.16","11.24"
"NAM-INDIA","1,184.00","1,187.50","1,173.80","1,186.50","1,176.80","-","-9.7","-0.82","212770","25.10","1,233.50","780.25","-1","39.64"
"ABCAPITAL","400.95","402.15","398.05","401.55","398.90","-","-2.65","-0.66","627381","25.10","410.70","243.00","6.12","50.9"
"KFINTECH","889.95","889.95","874.10","887.90","878.60","-","-9.3","-1.05","282527","24.88","1,288.00","784.95","-4.02","-30.26"
"SYRMA","1,349.80","1,357.80","1,330.10","1,359.10","1,348.90","-","-10.2","-0.75","184059","24.82","1,517.70","634.50","1.06","91.18"
"GRASIM","3,135.00","3,140.00","3,085.00","3,109.70","3,132.50","-","22.8","0.73","79266","24.69","3,246.00","2,502.50","-0.54","14.81"
"SIEMENS","3,651.00","3,684.80","3,617.00","3,658.80","3,643.40","-","-15.4","-0.42","67526","24.66","3,937.30","2,826.00","-3.11","16.44"
"SONATSOFTW","306.00","313.95","305.00","307.45","310.60","-","3.15","1.02","791600","24.59","442.80","207.15","4.51","-28.89"
"PIIND","2,632.00","2,682.90","2,628.00","2,623.80","2,668.30","-","44.5","1.7","92170","24.58","4,330.00","2,527.00","-4.75","-35.2"
"GLAND","2,449.90","2,492.00","2,445.00","2,449.00","2,464.00","-","15","0.61","97494","24.10","2,573.50","1,573.60","12.07","23.21"
"MAPMYINDIA","1,173.00","1,181.40","1,107.00","1,173.05","1,112.10","-","-60.95","-5.2","210583","23.74","1,998.00","795.00","25.07","-38.52"
"NLCINDIA","296.00","300.30","294.25","295.60","297.50","-","1.9","0.64","795141","23.71","387.80","222.00","-7.54","27.33"
"CGCL","256.38","258.70","250.70","256.38","252.02","-","-4.36","-1.7","929367","23.65","264.53","151.10","13.96","37.03"
"RRKABEL","2,295.90","2,296.70","2,246.30","2,293.30","2,288.90","-","-4.4","-0.19","103036","23.47","2,549.00","1,165.00","-1.45","55.45"
"ACMESOLAR","383.00","393.90","380.25","385.25","384.05","-","-1.2","-0.31","594886","23.02","398.65","195.90","13.82","39.47"
"CENTRALBK","31.79","31.91","31.41","31.66","31.61","-","-0.05","-0.16","7115218","22.54","40.92","29.32","-3.75","-17.12"
"PAGEIND","40,080.00","40,315.00","39,700.00","39,900.00","40,120.00","-","220","0.55","5609","22.47","49,090.00","29,805.00","0.36","-14.16"
"RPOWER","24.30","24.58","24.13","24.44","24.27","-","-0.17","-0.7","9224678","22.44","66.60","20.17","-6.97","-62.07"
"PRESTIGE","1,690.70","1,691.40","1,662.60","1,693.00","1,676.00","-","-17","-1","131505","22.06","1,814.00","1,090.00","11.99","-5.91"
"OLECTRA","1,340.00","1,360.20","1,333.50","1,346.70","1,340.10","-","-6.6","-0.49","163089","21.91","1,714.20","866.60","-11.89","4.35"
"AFCONS","298.00","298.00","291.50","299.75","294.00","-","-5.75","-1.92","737845","21.74","479.40","265.80","-6.21","-29.52"
"GODREJIND","1,334.00","1,379.00","1,327.30","1,334.70","1,364.60","-","29.9","2.24","158879","21.68","1,443.00","744.20","22.62","18.13"
"DABUR","427.20","430.95","424.10","427.20","427.70","-","0.5","0.12","503563","21.54","577.00","403.35","0.99","-18.16"
"ZFCVINDIA","2,360.00","2,410.00","2,340.00","2,410.30","2,380.30","-","-30","-1.24","89459","21.27","3,044.00","2,050.33","-9.66","8.63"
"IREDA","120.50","122.58","120.30","121.64","121.40","-","-0.24","-0.2","1749463","21.24","163.35","108.65","-4.49","-22.84"
"ANURAS","1,263.60","1,273.80","1,263.60","1,267.50","1,270.00","-","2.5","0.2","165794","21.06","1,415.00","1,045.20","-0.56","10.43"
"NBCC","97.50","97.83","96.42","97.25","97.12","-","-0.13","-0.13","2150445","20.89","125.85","77.18","-12.9","-14.14"
"TATACONSUM","1,089.00","1,097.90","1,085.30","1,088.60","1,092.70","-","4.1","0.38","187635","20.48","1,282.70","1,007.20","-1.69","-0.29"
"BLUESTARCO","1,674.90","1,703.10","1,660.00","1,686.90","1,694.80","-","7.9","0.47","120515","20.28","2,040.00","1,450.00","1.57","-8.17"
"HEG","585.00","595.70","582.80","587.35","587.30","-","-0.05","-0.01","340574","20.07","690.00","459.80","10.26","8.73"
"ONESOURCE","1,664.00","1,694.80","1,638.20","1,653.20","1,686.70","-","33.5","2.03","120273","20.05","2,026.50","1,057.00","4.87","-15.46"
"CEMPRO","1,620.00","1,623.00","1,595.00","1,615.00","1,616.70","-","1.7","0.11","123922","20.01","1,647.30","503.30","29.02","99.89"
"AARTIIND","492.70","502.60","489.35","493.95","497.95","-","4","0.81","400862","19.89","523.10","338.05","2.73","11.44"
"DALBHARAT","1,829.50","1,850.00","1,811.40","1,823.20","1,847.10","-","23.9","1.31","107382","19.77","2,496.30","1,605.00","7.59","-17.95"
"SAGILITY","41.76","41.81","41.16","41.75","41.20","-","-0.55","-1.32","4762447","19.74","57.89","35.83","4.36","-6.7"
"ICICIAMC","3,196.00","3,196.00","3,126.30","3,182.80","3,139.40","-","-43.4","-1.36","62057","19.54","3,611.00","2,530.00","-8.52","0"
"ZYDUSLIFE","1,140.70","1,164.00","1,140.70","1,143.70","1,158.00","-","14.3","1.25","166829","19.28","1,181.50","835.50","8.14","18.78"
"ALKEM","5,595.00","5,673.50","5,564.00","5,563.00","5,662.50","-","99.5","1.79","33990","19.19","5,933.50","4,738.50","5.38","13.28"
"SYNGENE","417.45","418.45","410.80","417.45","416.50","-","-0.95","-0.23","459779","19.11","728.60","380.00","-5.5","-36.63"
"NEULANDLAB","18,442.00","19,015.00","18,442.00","18,434.00","18,820.00","-","386","2.09","10128","19.05","20,089.00","11,500.00","8.46","31.9"
"RHIM","409.00","423.20","407.30","409.00","416.90","-","7.9","1.93","446117","18.68","537.70","323.05","9.1","-13.7"
"SBILIFE","1,831.00","1,835.00","1,812.00","1,829.40","1,814.10","-","-15.3","-0.84","101030","18.42","2,132.00","1,700.40","0.77","1.43"
"IPCALAB","1,901.00","1,928.30","1,867.60","1,900.60","1,870.00","-","-30.6","-1.61","96372","18.14","1,944.90","1,251.60","17.92","27.12"
"APLAPOLLO","1,795.40","1,821.80","1,789.30","1,795.40","1,812.00","-","16.6","0.92","99839","18.08","2,301.40","1,492.00","-3.24","8.68"
"AFFLE","1,520.00","1,526.20","1,498.00","1,532.50","1,516.20","-","-16.3","-1.06","119028","17.97","2,185.90","1,251.30","3.57","-20.37"
"JUBLFOOD","418.45","423.60","415.20","417.15","420.85","-","3.7","0.89","426454","17.89","695.50","408.80","0.41","-38.3"
"NUVAMA","1,845.00","1,878.70","1,831.70","1,863.10","1,869.00","-","5.9","0.32","96044","17.86","1,993.70","1,096.90","7.48","20.97"
"ZENTEC","1,767.00","1,784.00","1,745.10","1,769.70","1,749.00","-","-20.7","-1.17","99340","17.48","2,024.00","1,223.00","-12.47","-7.03"
"SAILIFE","1,278.00","1,297.80","1,270.00","1,272.00","1,291.80","-","19.8","1.56","135549","17.43","1,300.00","778.50","6.16","58.4"
"UNOMINDA","1,155.00","1,163.50","1,140.20","1,154.80","1,141.90","-","-12.9","-1.12","150963","17.37","1,382.00","994.00","2.32","4.82"
"TORNTPOWER","1,391.50","1,444.20","1,391.50","1,390.50","1,437.00","-","46.5","3.34","120815","17.24","1,824.10","1,188.00","-0.06","5.03"
"FORTIS","950.20","959.50","948.80","952.45","957.80","-","5.35","0.56","178582","17.04","1,104.30","766.80","-0.51","19.97"
"NTPCGREEN","92.24","93.90","91.20","91.97","92.04","-","0.07","0.08","1837611","16.98","119.95","84.00","-4.18","-16.84"
"AIIL","564.40","564.40","549.00","571.00","554.05","-","-16.95","-2.97","302661","16.78","683.00","400.00","1.99","-1.13"
"CHOICEIN","808.00","812.40","804.00","808.80","811.50","-","2.7","0.33","204395","16.53","860.50","568.70","11.64","7.64"
"AMBUJACEM","436.80","437.90","432.00","438.50","436.05","-","-2.45","-0.56","378481","16.46","624.95","394.00","2.92","-26.87"
"GODFRYPHLP","2,104.00","2,148.90","2,090.90","2,109.90","2,135.10","-","25.2","1.19","76974","16.36","3,947.00","1,832.10","-5.97","-31.52"
"JINDALSAW","265.35","266.60","262.25","269.45","263.25","-","-6.2","-2.3","613274","16.19","278.95","153.00","0.89","15.19"
"MOTILALOFS","972.00","972.00","955.25","967.10","960.70","-","-6.4","-0.66","164138","15.81","1,097.10","614.90","0.72","5.35"
"LICI","433.10","434.80","430.00","433.10","433.30","-","0.2","0.05","365740","15.81","468.48","360.75","-1.56","-6.13"
"CLEAN","748.00","748.00","715.50","744.40","722.25","-","-22.15","-2.98","215452","15.62","1,484.00","652.00","-7.59","-45.19"
"COHANCE","445.00","457.25","435.00","441.90","445.10","-","3.2","0.72","347680","15.62","1,121.15","266.70","9.67","-58.91"
"PNBHOUSING","1,101.80","1,107.10","1,088.20","1,099.80","1,098.00","-","-1.8","-0.16","141564","15.55","1,132.70","729.60","9.47","1.46"
"LTTS","3,390.00","3,453.60","3,376.10","3,415.30","3,402.50","-","-12.8","-0.37","45118","15.39","4,726.00","3,010.00","2.17","-22.68"
"GRAPHITE","635.00","636.45","627.35","644.65","629.75","-","-7.9","-1.24","240047","15.17","802.40","505.80","-1.7","8.56"
"M&MFIN","325.00","325.00","319.45","324.20","320.65","-","-3.55","-1.1","464090","14.94","412.20","246.35","9.1","23.48"
"KEC","492.40","493.15","484.10","495.40","487.35","-","-8.05","-1.62","302763","14.76","937.80","466.00","-9.99","-44.31"
"APTUS","307.95","308.85","304.15","306.85","307.30","-","0.45","0.15","477996","14.67","364.00","193.03","13.92","-12.39"
"SCHNEIDER","1,271.50","1,328.20","1,263.10","1,278.50","1,320.30","-","41.8","3.27","110630","14.51","1,548.00","571.85","-0.85","45.58"
"LALPATHLAB","1,675.70","1,723.20","1,675.00","1,687.40","1,704.60","-","17.2","1.02","85063","14.49","1,803.00","1,272.60","4.26","13.57"
"CREDITACC","1,478.50","1,510.00","1,468.20","1,478.50","1,504.70","-","26.2","1.77","96324","14.42","1,608.10","1,113.00","6.95","18.46"
"IKS","1,897.10","1,915.60","1,855.00","1,897.10","1,897.60","-","0.5","0.03","73096","13.84","1,933.00","1,262.00","13.19","19.38"
"ABBOTINDIA","28,055.00","28,345.00","27,910.00","28,055.00","28,310.00","-","255","0.91","4896","13.77","35,310.00","25,150.00","7.95","-17.07"
"BSOFT","288.05","294.15","287.25","288.05","290.80","-","2.75","0.95","466753","13.60","474.00","270.20","-10.92","-30.73"
"GALLANTT","635.00","642.50","619.15","651.70","627.00","-","-24.7","-3.79","213939","13.42","948.00","496.25","-12.32","6.84"
"NH","2,020.00","2,047.50","2,010.00","2,029.50","2,042.20","-","12.7","0.63","64488","13.15","2,093.30","1,589.00","8.69","4.62"
"VIJAYA","1,341.10","1,379.40","1,341.10","1,341.30","1,349.10","-","7.8","0.58","95829","13.08","1,440.00","848.00","-1.11","31.22"
"GMDCLTD","578.50","588.00","577.00","581.50","580.20","-","-1.3","-0.22","218827","12.76","771.90","375.05","-5.38","33.23"
"SCI","281.80","283.95","279.60","281.75","280.20","-","-1.55","-0.55","444792","12.55","368.75","195.55","-10.24","27.87"
"VOLTAS","1,328.50","1,351.20","1,326.80","1,342.40","1,345.40","-","3","0.22","91613","12.28","1,582.50","1,186.80","0.12","-2.32"
"PFOCUS","292.80","292.80","285.31","289.47","286.60","-","-2.87","-0.99","425332","12.27","367.00","136.53","23.68","70.17"
"CHAMBLFERT","453.90","453.90","445.20","454.30","445.20","-","-9.1","-2","271650","12.16","580.70","399.75","-8.01","-18.82"
"TITAGARH","852.00","855.25","839.70","859.85","850.20","-","-9.65","-1.12","142310","12.06","971.00","568.70","-7.79","-8.15"
"CARBORUNIV","1,055.00","1,082.40","1,044.00","1,059.80","1,072.10","-","12.3","1.16","112498","11.97","1,306.90","735.20","-13.72","8.49"
"ACC","1,375.00","1,377.50","1,361.00","1,377.70","1,372.30","-","-5.4","-0.39","87338","11.97","1,993.90","1,251.70","2.08","-30.39"
"AWL","188.00","190.59","187.01","188.66","189.71","-","1.05","0.56","631643","11.93","286.00","171.19","2.98","-30.87"
"PVRINOX","1,005.00","1,022.20","998.00","999.25","1,010.70","-","11.45","1.15","116893","11.81","1,249.70","907.40","6.62","-0.76"
"ANANDRATHI","2,073.00","2,104.90","2,060.00","2,072.70","2,096.50","-","23.8","1.15","56056","11.73","2,176.20","1,253.30","12.26","59.96"
"SIGNATURE","805.00","809.50","797.55","809.70","802.60","-","-7.1","-0.88","144229","11.62","1,262.40","705.20","0.51","-35.6"
"KIMS","799.05","802.45","790.45","802.95","794.25","-","-8.7","-1.08","145214","11.56","858.00","575.80","-1.25","4.33"
"INDIAMART","1,910.10","1,955.00","1,893.40","1,910.10","1,930.00","-","19.9","1.04","59032","11.41","2,699.00","1,860.00","-7.63","-27.24"
"KAJARIACER","1,239.00","1,254.50","1,238.00","1,239.50","1,243.00","-","3.5","0.28","90249","11.27","1,321.90","869.60","6.24","1.4"
"ENGINERSIN","227.45","231.57","226.75","227.66","229.68","-","2.02","0.89","490410","11.25","267.00","163.55","-8.34","-2.3"
"IRCTC","507.00","507.00","499.70","507.00","502.80","-","-4.2","-0.83","220638","11.09","781.90","492.65","-3.2","-34.28"
"EMCURE","1,780.00","1,838.00","1,776.50","1,783.20","1,831.60","-","48.4","2.71","60839","11.08","1,944.00","1,260.00","3.14","33.98"
"GODIGIT","281.00","282.70","277.80","281.90","281.20","-","-0.7","-0.25","394665","11.04","381.40","277.80","-7.65","-19.57"
"JKTYRE","399.95","401.95","397.50","403.20","398.90","-","-4.3","-1.07","276304","11.04","611.90","311.00","-0.55","8.04"
"AADHARHFC","517.25","524.45","509.70","517.25","510.20","-","-7.05","-1.36","210893","10.84","563.00","430.15","-0.94","1.1"
"BAYERCROP","4,234.10","4,274.90","4,225.40","4,234.10","4,247.00","-","12.9","0.3","25120","10.67","6,509.50","4,030.00","-0.53","-33.09"
"PARADEEP","140.00","141.00","138.75","140.26","139.18","-","-1.08","-0.77","757771","10.60","234.39","99.70","2.18","-18.74"
"REDINGTON","273.90","276.90","271.50","275.05","271.70","-","-3.35","-1.22","386401","10.59","314.40","191.31","-3.26","-12.6"
"CIEINDIA","475.95","481.00","471.00","473.70","477.80","-","4.1","0.87","221080","10.56","526.00","381.10","2.75","11.1"
"CHOLAHLDNG","1,575.00","1,575.00","1,542.90","1,573.60","1,553.50","-","-20.1","-1.28","66549","10.34","2,169.00","1,305.00","-1.9","-26.57"
"JAINREC","327.90","332.00","325.40","328.80","327.60","-","-1.2","-0.36","313000","10.30","593.95","247.57","-13.12","0"
"SOBHA","1,468.70","1,469.00","1,450.30","1,462.00","1,459.20","-","-2.8","-0.19","69943","10.22","1,732.50","1,130.00","2.9","-13.87"
"TATACAP","353.80","353.80","346.65","354.20","347.80","-","-6.4","-1.81","288764","10.07","379.95","296.00","-5.18","0"
"JMFINANCIL","124.10","124.85","123.05","124.25","123.35","-","-0.9","-0.72","770307","9.54","199.80","112.00","-2.35","-27.13"
"LEMONTREE","111.41","111.94","110.31","111.97","110.70","-","-1.27","-1.13","851869","9.44","180.68","99.61","-2.07","-28.39"
"KPRMILL","1,147.80","1,157.50","1,132.90","1,140.30","1,138.40","-","0.6","0.05","82392","9.42","1,334.00","796.10","-1.82","-3.53"
"TATACOMM","1,815.00","1,862.60","1,815.00","1,817.10","1,822.40","-","5.3","0.29","50663","9.29","2,110.00","1,322.50","-8.35","3.34"
"SCHAEFFLER","4,152.00","4,219.00","4,120.50","4,146.10","4,191.80","-","45.7","1.1","22082","9.24","4,467.70","3,518.40","-3.19","-0.24"
"CAPLIPOINT","2,614.00","2,684.20","2,601.10","2,614.20","2,671.50","-","57.3","2.19","34217","9.11","2,699.00","1,500.30","6.71","27.02"
"STARHEALTH","582.95","592.45","577.35","582.95","579.20","-","-3.75","-0.64","153440","8.97","623.90","416.55","-0.1","33.74"
"IOB","34.00","34.39","33.92","33.85","34.25","-","0.4","1.18","2542158","8.68","41.80","31.20","-2.42","-13.95"
"HDBFS","736.90","736.90","720.40","732.50","721.80","-","-10.7","-1.46","119212","8.63","822.50","555.30","0.63","-9.63"
"CUB","224.63","227.49","223.00","224.63","223.14","-","-1.49","-0.66","376720","8.46","243.08","145.13","13.51","40.06"
"INTELLECT","762.00","766.45","746.30","760.00","747.10","-","-12.9","-1.7","112005","8.44","1,244.60","595.20","-0.07","-36.33"
"HUDCO","202.93","203.00","201.06","202.93","201.18","-","-1.75","-0.86","415334","8.38","246.85","159.00","-3.58","-11.04"
"PTCIL","17,978.00","18,078.00","17,841.00","17,941.00","17,861.00","-","-80","-0.45","4594","8.25","19,851.00","13,251.00","-2.57","23.2"
"FINCABLES","1,018.00","1,025.00","1,009.50","1,017.30","1,015.40","-","-1.9","-0.19","80392","8.18","1,203.90","700.80","-12.83","9.26"
"HOMEFIRST","1,241.00","1,252.30","1,235.10","1,241.80","1,249.40","-","7.6","0.61","64405","8.04","1,519.00","893.70","8.27","-8.51"
"JUBLINGREA","739.00","745.00","730.60","739.05","736.95","-","-2.1","-0.28","108336","8.00","851.80","537.30","15.49","-11.4"
"BLUEJET","580.10","586.15","576.80","584.55","578.65","-","-5.9","-1.01","135799","7.89","1,027.80","325.00","12.92","-42.7"
"TRITURBINE","613.05","623.70","612.25","615.25","614.60","-","-0.65","-0.11","127017","7.86","787.60","428.35","-8.58","-7.96"
"BALRAMCHIN","600.00","606.25","598.00","604.45","599.80","-","-4.65","-0.77","129579","7.80","624.70","393.55","12.83","-2.91"
"SJVN","69.30","69.73","68.67","69.13","69.19","-","0.06","0.09","1125399","7.78","101.45","63.02","-5.06","-30.02"
"ELECON","464.35","473.85","458.20","464.35","466.45","-","2.1","0.45","164863","7.68","634.90","352.00","-13.45","-22.37"
"FSL","263.70","269.00","262.90","266.38","264.10","-","-2.28","-0.86","281935","7.50","381.40","202.00","7.93","-25.22"
"ACE","987.40","1,001.30","983.50","987.40","990.40","-","3","0.3","75261","7.48","1,170.00","745.10","1.65","-13.05"
"APOLLOTYRE","428.00","431.25","426.60","430.65","427.60","-","-3.05","-0.71","172470","7.39","540.50","365.30","0.56","-5.99"
"MSUMI","40.50","40.50","39.60","40.34","39.62","-","-0.72","-1.78","1837258","7.32","53.59","35.70","4.26","-8.89"
"URBANCO","130.35","132.51","129.46","130.35","132.45","-","2.1","1.61","557383","7.30","201.18","100.70","1.73","0"
"HONASA","465.45","473.95","465.00","466.95","471.45","-","4.5","0.96","154469","7.27","491.35","248.40","13","64.65"
"GRAVITA","1,805.50","1,824.90","1,801.00","1,818.20","1,813.90","-","-4.3","-0.24","39623","7.19","1,949.00","1,266.90","5.28","5.21"
"DEEPAKNTR","1,702.00","1,715.00","1,684.00","1,708.00","1,701.10","-","-6.9","-0.4","41983","7.14","1,969.70","1,280.00","3.42","-12.74"
"MGL","1,095.00","1,100.40","1,085.10","1,100.40","1,096.10","-","-4.3","-0.39","64707","7.09","1,562.00","900.00","-9.24","-27.39"
"IRCON","129.30","130.47","128.17","129.33","129.40","-","0.07","0.05","543289","7.02","195.25","114.50","-5.68","-30.77"
"BALKRISIND","2,079.00","2,081.10","2,050.20","2,065.30","2,066.50","-","1.2","0.06","33846","7.00","2,801.30","1,970.00","-7.83","-24.67"
"GPIL","244.00","247.60","243.95","244.35","245.45","-","1.1","0.45","282422","6.95","320.00","185.32","-8.77","27.81"
"BAJAJHFL","86.00","86.25","85.64","86.34","86.09","-","-0.25","-0.29","795855","6.84","124.00","72.65","-2.63","-29.41"
"BEML","1,800.00","1,810.50","1,787.00","1,812.40","1,787.90","-","-24.5","-1.35","38033","6.84","2,320.50","1,355.00","2.21","-18.76"
"JWL","251.00","253.45","249.45","254.30","251.90","-","-2.4","-0.94","271547","6.82","374.90","235.65","-9.16","-31.29"
"WELSPUNLIV","164.22","166.90","163.40","164.40","164.28","-","-0.12","-0.07","408141","6.74","174.97","107.10","1.23","14.96"
"BRIGADE","567.20","567.80","553.10","566.65","560.80","-","-5.85","-1.03","118233","6.60","856.50","450.75","2.74","-32.79"
"ASTERDM","820.00","821.95","810.35","819.90","812.00","-","-7.9","-0.96","80322","6.54","836.50","519.10","0.32","36.55"
"DEEPAKFERT","1,598.00","1,598.00","1,578.00","1,594.00","1,581.30","-","-12.7","-0.8","41211","6.53","1,680.00","866.40","1.1","-0.06"
"RAILTEL","297.00","297.85","293.55","298.00","294.80","-","-3.2","-1.07","219509","6.49","415.40","245.00","-7.72","-27.48"
"BHARTIHEXA","1,616.00","1,632.00","1,575.00","1,605.50","1,602.50","-","-3","-0.19","39944","6.45","1,955.60","1,430.00","7.21","-10.61"
"COROMANDEL","2,022.20","2,047.00","2,015.00","2,034.30","2,039.50","-","5.2","0.26","31677","6.44","2,718.90","1,706.50","1.28","-11.69"
"SUPREMEIND","3,433.70","3,479.50","3,424.80","3,433.70","3,446.10","-","12.4","0.36","18580","6.42","4,664.90","3,140.00","-2.48","-18.47"
"TRIDENT","25.50","25.66","25.15","25.21","25.45","-","0.24","0.95","2527282","6.41","33.66","21.98","-1.85","-19.16"
"GODREJCP","1,068.30","1,069.50","1,055.80","1,071.90","1,062.50","-","-9.4","-0.88","58639","6.22","1,309.00","967.05","6.23","-15.06"
"ELGIEQUIP","584.00","590.00","575.30","581.70","581.75","-","0.05","0.01","102681","5.98","633.85","408.25","-5.06","5.98"
"NAVA","583.85","590.00","580.00","586.80","582.00","-","-4.8","-0.82","102522","5.97","739.40","501.65","-6.43","-4.54"
"RITES","216.00","219.51","216.00","218.09","218.02","-","-0.07","-0.03","273831","5.96","280.90","175.00","2.21","-20.74"
"SWANCORP","308.20","313.20","308.20","310.55","310.60","-","0.05","0.02","190106","5.91","524.20","295.65","-2.39","-38.59"
"SUMICHEM","542.60","542.70","531.60","538.55","540.05","-","1.5","0.28","109779","5.91","665.00","362.60","19.3","-10.9"
"ENDURANCE","2,733.00","2,747.80","2,714.80","2,733.00","2,738.30","-","5.3","0.19","21505","5.88","3,079.90","2,142.80","4.26","2.68"
"JBMA","665.45","669.75","661.50","670.35","665.75","-","-4.6","-0.69","87032","5.80","790.00","477.00","-8.49","3.94"
"NCC","139.10","140.79","138.75","139.60","139.81","-","0.21","0.15","410109","5.73","232.00","130.00","-10.27","-38.56"
"UBL","1,353.00","1,361.00","1,339.30","1,339.70","1,347.00","-","7.3","0.54","42104","5.68","2,110.00","1,276.00","0.38","-32.74"
"EIDPARRY","751.05","762.45","746.00","751.00","752.65","-","1.65","0.22","75051","5.67","1,246.80","698.20","6.88","-34.69"
"CESC","165.00","167.09","164.29","165.10","166.59","-","1.49","0.9","338699","5.62","204.50","138.12","-1.4","-6.83"
"AJANTPHARM","3,440.00","3,477.50","3,419.60","3,419.40","3,467.10","-","47.7","1.39","16265","5.62","3,506.90","2,329.90","13.14","25.07"
"CCL","1,184.30","1,208.30","1,183.60","1,191.40","1,207.50","-","16.1","1.35","45626","5.46","1,242.20","815.50","6.25","38.64"
"TATACHEM","698.45","698.45","691.30","698.45","694.15","-","-4.3","-0.62","77691","5.40","1,026.65","580.30","-4.86","-25.56"
"BLS","236.90","236.90","233.10","235.70","234.90","-","-0.8","-0.34","225263","5.29","414.90","218.90","-12.1","-38.58"
"AIAENG","4,628.00","4,710.00","4,625.00","4,647.50","4,650.00","-","2.5","0.05","11169","5.22","5,180.00","3,001.10","-0.85","37.98"
"SUNTV","495.00","499.55","491.45","498.80","493.40","-","-5.4","-1.08","105187","5.20","660.70","480.20","-5.27","-14.3"
"TECHNOE","1,030.00","1,030.00","1,013.00","1,034.10","1,015.20","-","-18.9","-1.83","50633","5.16","1,575.00","870.00","-5.96","-33.55"
"USHAMART","494.95","505.00","492.85","494.95","500.40","-","5.45","1.1","102408","5.12","527.50","333.60","5.2","31.31"
"IRB","20.00","20.00","19.85","20.01","19.86","-","-0.15","-0.75","2547108","5.07","24.45","19.15","-7.32","-17.31"
"LATENTVIEW","305.00","305.05","301.40","303.85","302.80","-","-1.05","-0.35","165748","5.02","517.50","248.00","1.17","-31.21"
"TENNIND","554.00","558.25","550.20","554.40","552.45","-","-1.95","-0.35","90098","4.99","657.00","438.05","-5.56","0"
"ABREL","1,431.70","1,443.90","1,419.20","1,448.60","1,439.00","-","-9.6","-0.66","34674","4.96","2,202.80","1,080.10","12.47","-32.21"
"UCOBANK","26.00","26.28","25.93","26.06","26.14","-","0.08","0.31","1885949","4.93","34.20","22.22","-5.22","-18.64"
"JSWCEMENT","139.90","141.48","139.21","139.93","140.52","-","0.59","0.42","347148","4.88","162.15","106.65","9.47","0"
"CRISIL","4,240.50","4,247.10","4,200.00","4,245.70","4,229.10","-","-16.6","-0.39","11374","4.81","5,995.00","3,686.00","2.28","-28.41"
"IGL","152.95","153.63","151.70","153.11","153.09","-","-0.02","-0.01","314126","4.80","223.50","141.74","-8.57","-28.75"
"ABDL","622.35","628.00","616.80","616.55","619.30","-","2.75","0.45","76386","4.75","711.70","382.10","-1.89","29.16"
"IGIL","346.35","346.35","341.05","346.35","342.15","-","-4.2","-1.21","137641","4.72","442.00","287.00","-3.82","-12.3"
"CASTROLIND","184.00","184.69","183.65","184.45","184.20","-","-0.25","-0.14","243358","4.48","231.00","170.10","-0.86","-16.84"
"FIVESTAR","555.00","556.30","547.35","557.75","552.90","-","-4.85","-0.87","78358","4.32","763.50","338.15","6.38","-24.27"
"MMTC","63.00","63.96","62.75","63.52","63.43","-","-0.09","-0.14","674827","4.28","78.35","50.10","-14.96","-6.9"
"SARDAEN","498.25","509.00","496.00","499.50","504.25","-","4.75","0.95","84385","4.26","639.75","429.30","-3.65","13.89"
"ATUL","6,138.00","6,218.00","6,114.00","6,149.50","6,162.00","-","12.5","0.2","6888","4.25","7,455.50","5,560.50","-4.98","-11.27"
"LGEINDIA","1,572.00","1,580.00","1,566.20","1,581.80","1,579.10","-","-2.7","-0.17","26834","4.22","1,749.00","1,304.10","-4.28","0"
"WHIRLPOOL","771.80","782.90","768.80","771.80","777.05","-","5.25","0.68","53405","4.14","1,473.80","756.85","-2.35","-46.27"
"CYIENT","848.00","855.40","846.20","853.90","849.70","-","-4.2","-0.49","47591","4.05","1,306.00","750.30","-1.11","-33.56"
"GILLETTE","7,820.00","7,878.00","7,786.00","7,810.00","7,875.50","-","65.5","0.84","5076","3.98","11,370.00","7,206.00","0.61","-30.04"
"3MINDIA","34,940.00","35,240.00","34,710.00","34,870.00","35,200.00","-","330","0.95","1125","3.93","38,030.00","28,730.00","6.26","17.73"
"NIACL","175.10","176.22","174.23","174.82","175.34","-","0.52","0.3","223420","3.92","218.00","116.97","-13.4","-5.55"
"TBOTEK","1,440.00","1,449.50","1,430.00","1,459.00","1,433.60","-","-25.4","-1.74","26964","3.89","1,764.80","1,004.20","-3.75","1.04"
"THELEELA","481.30","490.10","481.30","485.65","484.55","-","-1.1","-0.23","79340","3.87","511.00","384.50","-2.06","4.99"
"ABFRL","57.81","58.30","57.30","57.85","57.90","-","0.05","0.09","666986","3.86","94.95","53.51","-4.47","-23.28"
"CONCORDBIO","1,335.00","1,363.30","1,327.60","1,342.80","1,339.20","-","-3.6","-0.27","28584","3.83","1,980.00","987.00","1.79","-29.32"
"LINDEINDIA","7,070.00","7,130.50","7,050.00","7,114.50","7,071.50","-","-43","-0.6","5200","3.68","8,049.00","5,673.00","-5.21","5.49"
"BERGEPAINT","494.70","498.70","492.50","493.70","494.50","-","0.8","0.16","73982","3.67","594.55","391.10","-10.13","-14.2"
"GLAXO","2,454.50","2,472.00","2,445.40","2,454.80","2,453.70","-","-1.1","-0.04","13965","3.43","3,220.00","2,088.10","5.22","-21.82"
"TATAINVEST","662.30","664.85","657.70","662.30","659.85","-","-2.45","-0.37","51751","3.42","1,184.70","538.85","-4.51","0.88"
"ITI","283.00","284.10","280.05","284.50","281.50","-","-3","-1.05","118910","3.35","372.85","237.00","-9.97","-10.98"
"SHREECEM","26,515.00","26,730.00","26,400.00","26,515.00","26,705.00","-","190","0.72","1243","3.31","32,490.00","22,550.00","6.5","-13.27"
"UTIAMC","940.10","940.10","930.20","940.10","931.40","-","-8.7","-0.93","34612","3.23","1,494.80","896.50","-2.02","-34.96"
"GICRE","362.00","363.00","360.00","362.00","360.95","-","-1.05","-0.29","86576","3.13","417.95","346.70","-2.09","-5.62"
"JUBLPHARMA","1,022.60","1,024.05","1,010.05","1,022.60","1,014.55","-","-8.05","-0.79","30235","3.07","1,248.00","786.05","4.99","-17.65"
"FACT","838.00","838.35","825.55","833.60","830.20","-","-3.4","-0.41","36764","3.05","1,058.60","652.10","-6.22","-13"
"HEXT","570.20","574.30","562.05","570.20","562.65","-","-7.55","-1.32","53522","3.04","882.05","400.20","12.7","-34.67"
"DOMS","2,250.00","2,288.70","2,250.00","2,265.50","2,270.80","-","5.3","0.23","12916","2.93","2,770.00","2,023.90","-0.27","-4.6"
"TTML","41.25","41.25","39.02","40.28","40.38","-","0.1","0.25","707185","2.86","65.55","31.22","-8.64","-35.48"
"CHALET","864.80","864.80","848.00","862.60","855.00","-","-7.6","-0.88","33317","2.84","1,082.00","691.35","6.56","-8.12"
"VTL","636.30","645.45","634.00","636.55","635.15","-","-1.4","-0.22","43984","2.81","688.00","383.70","-3.56","26.49"
"FIRSTCRY","210.80","212.53","210.26","211.57","211.07","-","-0.5","-0.24","131677","2.78","438.70","202.56","-2.17","-43.9"
"EMAMILTD","410.00","415.00","405.35","409.45","412.60","-","3.15","0.77","66797","2.75","634.20","376.40","-0.25","-30.29"
"MEDANTA","1,325.90","1,334.40","1,305.00","1,316.90","1,331.40","-","14.5","1.1","20164","2.67","1,456.50","956.00","5.18","0.92"
"POLYMED","1,670.00","1,680.00","1,663.20","1,680.50","1,679.90","-","-0.6","-0.04","15534","2.60","2,147.60","1,182.00","7.46","-20.07"
"SUNDARMFIN","4,410.00","4,437.50","4,398.90","4,430.80","4,423.70","-","-7.1","-0.16","5697","2.52","5,642.00","4,000.00","-1.12","-14.34"
"HONAUT","39,120.00","39,120.00","38,260.00","38,955.00","38,280.00","-","-675","-1.73","627","2.42","40,900.00","26,220.00","2.26","-5.35"
"LTFOODS","382.95","386.00","381.00","382.95","383.10","-","0.15","0.04","62451","2.39","518.55","333.15","-0.08","-24.01"
"INDGN","507.10","512.90","504.40","510.90","509.25","-","-1.65","-0.32","45857","2.33","596.80","414.00","-4.36","-11.51"
"KPIL","1,303.50","1,309.70","1,296.10","1,310.00","1,300.90","-","-9.1","-0.69","16999","2.22","1,479.60","1,007.10","-6.96","8.8"
"NSLNISP","42.80","43.25","42.65","42.99","43.00","-","0.01","0.02","507718","2.18","53.75","33.01","-8.26","8.94"
"BBTC","1,501.10","1,506.10","1,490.00","1,493.60","1,497.00","-","3.4","0.23","14115","2.11","2,135.00","1,314.60","-2.64","-25.32"
"DEVYANI","111.40","111.71","110.35","112.00","110.77","-","-1.23","-1.1","181562","2.01","191.00","91.55","-5.23","-37.1"
"MINDACORP","675.00","680.95","672.80","678.30","674.50","-","-3.8","-0.56","28706","1.94","713.65","445.05","3.3","27.35"
"PFIZER","4,545.00","4,590.00","4,545.00","4,566.90","4,565.80","-","-1.1","-0.02","4244","1.94","5,873.50","4,360.10","0.68","-14.19"
"AAVAS","1,477.00","1,515.00","1,476.90","1,481.40","1,510.80","-","29.4","1.98","12120","1.81","1,960.70","1,060.40","2.79","-20.53"
"ERIS","1,455.40","1,460.00","1,432.10","1,455.40","1,450.50","-","-4.9","-0.34","12241","1.77","1,885.00","1,200.00","0.11","-17.74"
"CANHLIFE","149.00","150.72","148.76","149.74","150.10","-","0.36","0.24","115087","1.72","159.00","106.00","6.18","0"
"SBFC","94.00","94.25","92.89","94.09","93.37","-","-0.72","-0.77","183611","1.71","123.00","79.60","-2.13","-19.22"
"RAINBOW","1,493.40","1,499.00","1,475.00","1,493.40","1,484.50","-","-8.9","-0.6","11383","1.69","1,645.70","1,084.00","0.93","-2.75"
"EIHOTEL","339.70","342.00","335.00","338.75","340.10","-","1.35","0.4","49845","1.69","434.80","271.15","5.67","-10.62"
"RAMCOCEM","920.00","924.90","913.15","919.80","922.70","-","2.9","0.32","15622","1.44","1,214.50","838.30","4.01","-20.25"
"TEGA","1,620.00","1,627.60","1,603.10","1,622.20","1,612.80","-","-9.4","-0.58","8841","1.43","2,125.00","1,522.20","-10.09","-16.73"
"BIKAJI","635.05","647.60","635.05","638.40","646.30","-","7.9","1.24","21826","1.41","818.70","592.55","-2.11","-14.52"
"TIMKEN","3,145.00","3,168.20","3,138.00","3,142.20","3,138.00","-","-4.2","-0.13","4090","1.29","3,925.00","2,800.50","-14.9","-8.87"
"ABLBL","94.23","95.39","94.22","94.88","94.91","-","0.03","0.03","124654","1.18","155.80","87.91","-2.37","-38.76"
"BLUEDART","4,926.40","4,943.80","4,870.00","4,926.40","4,905.80","-","-20.6","-0.42","2328","1.14","7,036.00","4,628.50","-1.27","-28.45"
"SAPPHIRE","182.20","183.94","179.80","182.08","181.60","-","-0.48","-0.26","62200","1.12","368.00","139.91","-3.31","-46.9"
"JSWDULUX","3,046.20","3,046.20","2,990.80","3,034.10","3,023.30","-","-10.8","-0.36","3557","1.07","3,915.50","2,658.70","-8.16","-16.77"
"NIVABUPA","86.06","86.39","85.66","86.06","86.03","-","-0.03","-0.03","120692","1.04","92.90","67.50","-0.97","-3.65"
"ASAHIINDIA","882.10","888.70","874.05","881.20","881.55","-","0.35","0.04","8951","0.79","1,074.00","775.10","4.16","4.7"
"DCMSHRIRAM","1,027.00","1,030.80","1,015.70","1,022.90","1,028.60","-","5.7","0.56","7050","0.72","1,502.30","945.10","-2.38","-26.96"
"TRAVELFOOD","1,293.50","1,316.80","1,281.30","1,293.60","1,300.40","-","6.8","0.53","4867","0.63","1,445.00","1,008.50","-3.91","14.03"